{"LightGBM": {"acc": 0.4685714285714286, "prec": 0.3475332241034043, "rec": 0.9334963325183374, "f1": 0.5065003979835501, "auc": 0.7269656246067911, "threshold": 0.2903807615230461}, "XGBoost": {"acc": 0.46785714285714286, "prec": 0.34682713347921224, "rec": 0.9300733496332518, "f1": 0.5052463806614425, "auc": 0.7274527964393478, "threshold": 0.3054108216432866}}