{"LightGBM": {"mae": 369.63392585382496, "rmse": 758.0453475986723, "r2": 0.9357377803260515}, "XGBoost": {"mae": 375.96017934946696, "rmse": 775.9203578578835, "r2": 0.9326713909675576, "cv_rmse": 779.433789782854}}